src,dst,cosine_sim
23,40,0.83520436
23,51,0.8604512
23,3756,0.8579014
23,4102,0.9477374
23,12137,0.9483243
23,12485,0.86083657
23,13683,0.8424426
23,13701,0.90863615
23,13703,0.9071247
23,15227,0.9341241
23,20297,0.8891896
23,21117,0.9435529
23,22049,0.912171
23,22597,0.95015275
23,23095,0.93266374
23,23141,0.94037205
23,32746,0.93894404
23,38008,0.84513056
23,46161,0.9484438
24,27368,0.8981488
33,27370,0.8004358
40,23,0.83520436
40,4102,0.8635664
40,12137,0.8629836
40,13701,0.8280828
40,13703,0.82466334
40,15227,0.8450269
40,20297,0.803455
40,21117,0.85989356
40,22049,0.84223795
40,22597,0.85885
40,23095,0.8486279
40,23141,0.86122906
40,32746,0.85923916
40,46161,0.86187565
51,23,0.8604512
51,3756,0.8251466
51,4102,0.9078605
51,12137,0.8918228
51,12485,0.81344134
51,13683,0.8059602
51,13701,0.8575525
51,13703,0.85113776
51,15227,0.88147587
51,20297,0.8518385
51,21117,0.88953626
51,22049,0.87182385
51,22597,0.8931696
51,23095,0.8785434
51,23141,0.8961406
51,32746,0.8894935
51,38008,0.80936986
51,46161,0.8957749
113,27469,0.8537126
123,27416,1.0
150,27521,1.0
150,29198,1.0
207,27643,0.86914194
224,27662,0.87342143
231,19200,0.8323229
231,25506,0.8056894
247,27692,0.8741346
250,4745,0.80586034
250,7519,0.81805193
250,18686,0.81361693
250,27690,0.8759774
250,29028,0.8258068
250,32007,0.82184136
250,44803,0.80509603
260,27709,0.99132556
275,27724,0.90908444
289,27741,0.9391229
302,27750,0.89010954
320,27768,0.96044654
325,27776,1.0
333,27790,0.8540525
335,27792,0.8740647
350,27816,0.83948416
368,44055,1.0
402,27873,1.0
407,27524,0.8056195
426,27908,0.96115696
448,27928,0.93378615
461,11114,1.0
471,27959,0.92763215
507,28003,0.99915415
540,28044,0.90534943
561,28072,0.97939277
565,28079,0.98574746
569,28083,0.92171305
572,11136,1.0
572,14081,0.8680595
572,29222,1.0
572,31778,1.0
572,41708,0.8680595
572,42276,1.0
582,10467,0.9917083
582,15196,0.99999994
582,16824,0.99999994
582,19884,0.99999994
582,25586,0.9917083
583,28096,0.895586
620,4062,1.0
620,9200,1.0
620,24683,1.0
620,29224,1.0
620,30106,1.0
620,31549,1.0
620,35425,0.80260396
888,15266,0.965878
888,32506,0.8521768
888,44195,1.0
1021,1426,0.99999994
1104,8135,0.85555136
1104,14593,0.80564296
1104,24572,0.8460392
1104,30999,0.8542837
1104,32471,0.8109883
1104,44966,0.8350196
1334,21029,0.88507825
1334,27370,0.8277365
1426,1021,0.99999994
1468,5898,1.0
1468,24530,0.8480308
1468,43092,0.8022454
1855,8173,0.847131
1855,24280,0.9558551
1855,25786,0.9051625
1855,33070,0.9051625
1855,33084,0.9033676
1855,34305,0.9051625
1876,41908,1.0
2408,4102,0.80635756
2408,12137,0.80788076
2408,21117,0.80385655
2408,22597,0.8060511
2408,23141,0.80124485
2408,32746,0.8057293
2408,46161,0.8070015
2714,40027,0.85024977
2768,2769,0.91136485
2769,2768,0.91136485
3033,10968,0.899437
3033,22364,0.899437
3144,3150,0.99999994
3150,3144,0.99999994
3303,41787,1.0
3442,3676,1.0
3676,3442,1.0
3756,23,0.8579014
3756,51,0.8251466
3756,4102,0.89078075
3756,12137,0.88897806
3756,12485,0.8116315
3756,13683,0.81163615
3756,13701,0.85567105
3756,13703,0.8483911
3756,15227,0.87827283
3756,20297,0.8517983
3756,21117,0.8858633
3756,22049,0.86738443
3756,22597,0.8894817
3756,23095,0.87581056
3756,23141,0.8851428
3756,32746,0.87996835
3756,38008,0.8104545
3756,46161,0.892058
3767,4008,0.9688158
3850,3854,0.99999994
3854,3850,0.99999994
4008,3767,0.9688158
4017,9050,0.8631161
4017,10449,0.84719723
4017,10497,0.84719723
4017,13692,0.84719723
4017,16985,0.8631161
4017,19889,0.8631161
4017,20388,0.84719723
4017,26623,0.84719723
4017,33672,0.84719723
4017,44457,0.84719723
4062,620,1.0
4062,9200,1.0
4062,24683,1.0
4062,29224,1.0
4062,30106,1.0
4062,31549,1.0
4062,35425,0.80260396
4102,23,0.9477374
4102,40,0.8635664
4102,51,0.9078605
4102,2408,0.80635756
4102,3756,0.89078075
4102,12137,0.98964494
4102,12485,0.8950304
4102,13203,0.8118366
4102,13683,0.85778946
4102,13701,0.9453837
4102,13703,0.93831193
4102,15227,0.970744
4102,20297,0.92336506
4102,21117,0.9836208
4102,22049,0.94722277
4102,22597,0.9876384
4102,23095,0.9692694
4102,23141,0.9839251
4102,32746,0.9792173
4102,38008,0.8785475
4102,46161,0.9895642
4267,12429,0.91987693
4267,15977,0.85311687
4267,19751,0.8964622
4423,27879,0.88270134
4423,32443,0.89454097
4423,34785,0.8718124
4423,40132,0.8132544
4745,250,0.80586034
4745,7519,0.8993045
4745,18148,0.82833153
4745,18686,0.9110156
4745,22717,0.81730986
4745,27690,0.8701857
4745,29028,0.9245974
4745,32007,0.90915376
4745,44803,0.88685024
5058,21200,1.0
5073,5090,1.0
5073,5103,1.0
5073,5112,1.0
5074,5080,1.0
5076,5081,0.99999994
5076,5083,0.99999994
5076,5085,0.99999994
5076,5099,0.99999994
5076,5118,0.99999994
5077,5078,0.99999994
5078,5077,0.99999994
5079,5101,0.91873497
5079,5102,1.0
5080,5074,1.0
5081,5076,0.99999994
5081,5083,0.99999994
5081,5085,0.99999994
5081,5099,0.99999994
5081,5118,0.99999994
5082,5104,0.8065131
5083,5076,0.99999994
5083,5081,0.99999994
5083,5085,0.99999994
5083,5099,0.99999994
5083,5118,0.99999994
5084,5110,0.84638536
5084,11097,0.9361343
5084,12159,0.83337307
5084,24479,0.93496346
5085,5076,0.99999994
5085,5081,0.99999994
5085,5083,0.99999994
5085,5099,0.99999994
5085,5118,0.99999994
5086,5109,0.9843049
5090,5073,1.0
5090,5103,1.0
5090,5112,1.0
5091,5111,0.952347
5099,5076,0.99999994
5099,5081,0.99999994
5099,5083,0.99999994
5099,5085,0.99999994
5099,5118,0.99999994
5101,5079,0.91873497
5101,5102,0.91873497
5102,5079,1.0
5102,5101,0.91873497
5103,5073,1.0
5103,5090,1.0
5103,5112,1.0
5104,5082,0.8065131
5109,5086,0.9843049
5110,5084,0.84638536
5111,5091,0.952347
5112,5073,1.0
5112,5090,1.0
5112,5103,1.0
5113,5115,1.0
5115,5113,1.0
5118,5076,0.99999994
5118,5081,0.99999994
5118,5083,0.99999994
5118,5085,0.99999994
5118,5099,0.99999994
5127,24976,0.85430557
5309,20293,0.8060567
5604,42007,1.0
5855,27857,0.84903157
5898,1468,1.0
5898,24530,0.8480308
5898,43092,0.8022454
6204,6306,0.99660045
6306,6204,0.99660045
6856,26204,0.8797777
6902,24722,1.0
6902,27491,1.0
6902,32662,1.0
6902,32732,1.0
6902,33497,0.8558043
6902,43595,0.8946415
7459,21146,0.8114296
7459,27558,0.8114296
7459,43571,0.8114296
7472,7647,1.0
7519,250,0.81805193
7519,4745,0.8993045
7519,18148,0.8481821
7519,18686,0.92890924
7519,22717,0.8330473
7519,27690,0.8905289
7519,29028,0.94523734
7519,32007,0.92768
7519,44803,0.90095174
7622,9794,0.99999994
7622,9905,0.99999994
7622,9942,0.99999994
7622,16020,0.8597197
7622,24727,0.99999994
7622,29484,0.99999994
7647,7472,1.0
7814,7815,1.0
7815,7814,1.0
7884,22142,0.8035292
7916,20089,0.87075716
7916,34470,0.86034036
8073,8255,1.0
8116,20437,1.0
8116,26274,1.0
8116,32749,0.90930355
8135,1104,0.85555136
8135,14593,0.9096011
8135,16295,0.8570757
8135,19691,0.8155698
8135,20015,0.86348593
8135,20093,0.84526205
8135,21302,0.8840883
8135,24382,0.8491684
8135,24572,0.955132
8135,27354,0.88942456
8135,30999,0.9637553
8135,34016,0.87730956
8135,44966,0.93953234
8173,1855,0.847131
8173,24280,0.80973434
8173,25786,0.81998175
8173,33070,0.81998175
8173,34305,0.81998175
8253,8263,0.81477517
8255,8073,1.0
8263,8253,0.81477517
8314,19868,0.81360763
8314,20375,1.0
8693,8806,1.0
8806,8693,1.0
9050,4017,0.8631161
9050,10449,0.9409657
9050,10497,0.9409657
9050,13692,0.9409657
9050,16985,1.0000001
9050,19889,1.0000001
9050,20388,0.9409657
9050,26623,0.9409657
9050,33672,0.9409657
9050,44457,0.9409657
9200,620,1.0
9200,4062,1.0
9200,24683,1.0
9200,29224,1.0
9200,30106,1.0
9200,31549,1.0
9200,35425,0.80260396
9589,9593,1.0
9593,9589,1.0
9596,9597,1.0000001
9596,9598,1.0000001
9597,9596,1.0000001
9597,9598,1.0000001
9598,9596,1.0000001
9598,9597,1.0000001
9618,15200,0.9059704
9618,24534,0.87277496
9618,31759,0.8552303
9711,9734,1.0
9711,9740,1.0
9711,9746,1.0
9711,9748,1.0
9711,9886,1.0
9715,24607,0.83757174
9728,14041,0.8463821
9734,9711,1.0
9734,9740,1.0
9734,9746,1.0
9734,9748,1.0
9734,9886,1.0
9735,9750,1.0
9735,9888,1.0
9735,10648,1.0
9736,9738,0.8334735
9736,9741,0.8334735
9736,9747,0.8334735
9736,9754,0.8334735
9736,9755,0.8334735
9736,9756,0.8032569
9736,9757,0.8334735
9736,9772,0.8334735
9736,10103,0.80441546
9738,9736,0.8334735
9738,9741,1.0
9738,9747,1.0
9738,9754,1.0
9738,9755,1.0
9738,9757,1.0
9738,9772,1.0
9740,9711,1.0
9740,9734,1.0
9740,9746,1.0
9740,9748,1.0
9740,9886,1.0
9741,9736,0.8334735
9741,9738,1.0
9741,9747,1.0
9741,9754,1.0
9741,9755,1.0
9741,9757,1.0
9741,9772,1.0
9742,9758,1.0
9742,9761,1.0
9742,9762,1.0
9742,9764,1.0
9742,9767,1.0
9742,9768,1.0
9742,9769,1.0
9742,9770,1.0
9742,9910,1.0
9742,9911,1.0
9742,10115,1.0
9746,9711,1.0
9746,9734,1.0
9746,9740,1.0
9746,9748,1.0
9746,9886,1.0
9747,9736,0.8334735
9747,9738,1.0
9747,9741,1.0
9747,9754,1.0
9747,9755,1.0
9747,9757,1.0
9747,9772,1.0
9748,9711,1.0
9748,9734,1.0
9748,9740,1.0
9748,9746,1.0
9748,9886,1.0
9750,9735,1.0
9750,9888,1.0
9750,10648,1.0
9752,9763,0.99999994
9752,9775,0.99999994
9752,10066,0.99999994
9753,9881,0.99999994
9753,9891,0.99999994
9753,9901,0.99999994
9753,9902,0.99999994
9754,9736,0.8334735
9754,9738,1.0
9754,9741,1.0
9754,9747,1.0
9754,9755,1.0
9754,9757,1.0
9754,9772,1.0
9755,9736,0.8334735
9755,9738,1.0
9755,9741,1.0
9755,9747,1.0
9755,9754,1.0
9755,9757,1.0
9755,9772,1.0
9756,9736,0.8032569
9756,10103,0.9963626
9757,9736,0.8334735
9757,9738,1.0
9757,9741,1.0
9757,9747,1.0
9757,9754,1.0
9757,9755,1.0
9757,9772,1.0
9758,9742,1.0
9758,9761,1.0
9758,9762,1.0
9758,9764,1.0
9758,9767,1.0
9758,9768,1.0
9758,9769,1.0
9758,9770,1.0
9758,9910,1.0
9758,9911,1.0
9758,10115,1.0
9761,9742,1.0
9761,9758,1.0
9761,9762,1.0
9761,9764,1.0
9761,9767,1.0
9761,9768,1.0
9761,9769,1.0
9761,9770,1.0
9761,9910,1.0
9761,9911,1.0
9761,10115,1.0
9762,9742,1.0
9762,9758,1.0
9762,9761,1.0
9762,9764,1.0
9762,9767,1.0
9762,9768,1.0
9762,9769,1.0
9762,9770,1.0
9762,9910,1.0
9762,9911,1.0
9762,10115,1.0
9763,9752,0.99999994
9763,9775,0.99999994
9763,10066,0.99999994
9764,9742,1.0
9764,9758,1.0
9764,9761,1.0
9764,9762,1.0
9764,9767,1.0
9764,9768,1.0
9764,9769,1.0
9764,9770,1.0
9764,9910,1.0
9764,9911,1.0
9764,10115,1.0
9765,9898,1.0
9767,9742,1.0
9767,9758,1.0
9767,9761,1.0
9767,9762,1.0
9767,9764,1.0
9767,9768,1.0
9767,9769,1.0
9767,9770,1.0
9767,9910,1.0
9767,9911,1.0
9767,10115,1.0
9768,9742,1.0
9768,9758,1.0
9768,9761,1.0
9768,9762,1.0
9768,9764,1.0
9768,9767,1.0
9768,9769,1.0
9768,9770,1.0
9768,9910,1.0
9768,9911,1.0
9768,10115,1.0
9769,9742,1.0
9769,9758,1.0
9769,9761,1.0
9769,9762,1.0
9769,9764,1.0
9769,9767,1.0
9769,9768,1.0
9769,9770,1.0
9769,9910,1.0
9769,9911,1.0
9769,10115,1.0
9770,9742,1.0
9770,9758,1.0
9770,9761,1.0
9770,9762,1.0
9770,9764,1.0
9770,9767,1.0
9770,9768,1.0
9770,9769,1.0
9770,9910,1.0
9770,9911,1.0
9770,10115,1.0
9772,9736,0.8334735
9772,9738,1.0
9772,9741,1.0
9772,9747,1.0
9772,9754,1.0
9772,9755,1.0
9772,9757,1.0
9775,9752,0.99999994
9775,9763,0.99999994
9775,10066,0.99999994
9794,7622,0.99999994
9794,9905,0.99999994
9794,9942,0.99999994
9794,16020,0.8597197
9794,24727,0.99999994
9794,29484,0.99999994
9826,10667,0.88005793
9856,36418,0.85849875
9866,10039,0.8001097
9873,27514,1.0
9881,9753,0.99999994
9881,9891,0.99999994
9881,9901,0.99999994
9881,9902,0.99999994
9886,9711,1.0
9886,9734,1.0
9886,9740,1.0
9886,9746,1.0
9886,9748,1.0
9888,9735,1.0
9888,9750,1.0
9888,10648,1.0
9891,9753,0.99999994
9891,9881,0.99999994
9891,9901,0.99999994
9891,9902,0.99999994
9898,9765,1.0
9900,9903,0.99999994
9901,9753,0.99999994
9901,9881,0.99999994
9901,9891,0.99999994
9901,9902,0.99999994
9902,9753,0.99999994
9902,9881,0.99999994
9902,9891,0.99999994
9902,9901,0.99999994
9903,9900,0.99999994
9905,7622,0.99999994
9905,9794,0.99999994
9905,9942,0.99999994
9905,16020,0.8597197
9905,24727,0.99999994
9905,29484,0.99999994
9910,9742,1.0
9910,9758,1.0
9910,9761,1.0
9910,9762,1.0
9910,9764,1.0
9910,9767,1.0
9910,9768,1.0
9910,9769,1.0
9910,9770,1.0
9910,9911,1.0
9910,10115,1.0
9911,9742,1.0
9911,9758,1.0
9911,9761,1.0
9911,9762,1.0
9911,9764,1.0
9911,9767,1.0
9911,9768,1.0
9911,9769,1.0
9911,9770,1.0
9911,9910,1.0
9911,10115,1.0
9916,9971,0.8241458
9942,7622,0.99999994
9942,9794,0.99999994
9942,9905,0.99999994
9942,16020,0.8597197
9942,24727,0.99999994
9942,29484,0.99999994
9953,27728,0.8177291
9971,9916,0.8241458
9994,10392,1.0
10039,9866,0.8001097
10058,33513,1.0
10066,9752,0.99999994
10066,9763,0.99999994
10066,9775,0.99999994
10103,9736,0.80441546
10103,9756,0.9963626
10115,9742,1.0
10115,9758,1.0
10115,9761,1.0
10115,9762,1.0
10115,9764,1.0
10115,9767,1.0
10115,9768,1.0
10115,9769,1.0
10115,9770,1.0
10115,9910,1.0
10115,9911,1.0
10154,10667,0.80924475
10165,17804,1.0
10165,27504,0.83078945
10169,20358,0.90323704
10169,27240,0.99999994
10169,29231,0.99999994
10169,32906,0.99999994
10169,39672,0.99999994
10231,44014,1.0
10392,9994,1.0
10449,4017,0.84719723
10449,9050,0.9409657
10449,10497,0.99999994
10449,13692,0.99999994
10449,16985,0.9409657
10449,19889,0.9409657
10449,20388,0.99999994
10449,26623,0.99999994
10449,33672,0.99999994
10449,44457,0.99999994
10467,582,0.9917083
10467,15196,0.9917083
10467,16824,0.9917083
10467,19884,0.9917083
10467,25586,1.0
10497,4017,0.84719723
10497,9050,0.9409657
10497,10449,0.99999994
10497,13692,0.99999994
10497,16985,0.9409657
10497,19889,0.9409657
10497,20388,0.99999994
10497,26623,0.99999994
10497,33672,0.99999994
10497,44457,0.99999994
10648,9735,1.0
10648,9750,1.0
10648,9888,1.0
10667,9826,0.88005793
10667,10154,0.80924475
10968,3033,0.899437
10968,15038,0.8302655
10968,22364,1.0
10968,22460,0.8218027
10968,26166,0.8069898
10968,32520,0.8069898
10968,32634,0.8069898
10968,32883,0.8069898
10968,32948,0.8069898
11002,45774,0.85190386
11053,11105,0.8390763
11053,32751,0.8390763
11062,11066,1.0
11062,11071,1.0
11063,11067,0.89927036
11063,11070,0.89927036
11063,11076,0.89927036
11063,11087,0.89927036
11063,11098,0.89927036
11063,11103,0.89927036
11063,11104,0.89927036
11063,11106,0.89927036
11063,11183,0.89927036
11063,11187,0.89927036
11063,11192,0.89927036
11063,11196,0.89927036
11063,11199,0.89927036
11064,11096,1.0
11064,11202,1.0
11065,11089,0.99999994
11065,11225,0.99999994
11066,11062,1.0
11066,11071,1.0
11067,11063,0.89927036
11067,11070,1.0
11067,11076,1.0
11067,11087,1.0
11067,11098,1.0
11067,11103,1.0
11067,11104,1.0
11067,11106,1.0
11067,11183,1.0
11067,11187,1.0
11067,11192,1.0
11067,11196,1.0
11067,11199,1.0
11070,11063,0.89927036
11070,11067,1.0
11070,11076,1.0
11070,11087,1.0
11070,11098,1.0
11070,11103,1.0
11070,11104,1.0
11070,11106,1.0
11070,11183,1.0
11070,11187,1.0
11070,11192,1.0
11070,11196,1.0
11070,11199,1.0
11071,11062,1.0
11071,11066,1.0
11072,11304,0.9291061
11074,11078,1.0
11076,11063,0.89927036
11076,11067,1.0
11076,11070,1.0
11076,11087,1.0
11076,11098,1.0
11076,11103,1.0
11076,11104,1.0
11076,11106,1.0
11076,11183,1.0
11076,11187,1.0
11076,11192,1.0
11076,11196,1.0
11076,11199,1.0
11078,11074,1.0
11079,11080,1.0
11079,11083,1.0
11079,11084,1.0
11079,11090,1.0
11080,11079,1.0
11080,11083,1.0
11080,11084,1.0
11080,11090,1.0
11083,11079,1.0
11083,11080,1.0
11083,11084,1.0
11083,11090,1.0
11084,11079,1.0
11084,11080,1.0
11084,11083,1.0
11084,11090,1.0
11085,11208,0.9269884
11087,11063,0.89927036
11087,11067,1.0
11087,11070,1.0
11087,11076,1.0
11087,11098,1.0
11087,11103,1.0
11087,11104,1.0
11087,11106,1.0
11087,11183,1.0
11087,11187,1.0
11087,11192,1.0
11087,11196,1.0
11087,11199,1.0
11088,11091,1.0
11088,11191,1.0
11089,11065,0.99999994
11089,11225,0.99999994
11090,11079,1.0
11090,11080,1.0
11090,11083,1.0
11090,11084,1.0
11091,11088,1.0
11091,11191,1.0
11096,11064,1.0
11096,11202,1.0
11097,5084,0.9361343
11097,12159,0.84783846
11097,24479,0.95119226
11097,29724,0.8282167
11098,11063,0.89927036
11098,11067,1.0
11098,11070,1.0
11098,11076,1.0
11098,11087,1.0
11098,11103,1.0
11098,11104,1.0
11098,11106,1.0
11098,11183,1.0
11098,11187,1.0
11098,11192,1.0
11098,11196,1.0
11098,11199,1.0
11103,11063,0.89927036
11103,11067,1.0
11103,11070,1.0
11103,11076,1.0
11103,11087,1.0
11103,11098,1.0
11103,11104,1.0
11103,11106,1.0
11103,11183,1.0
11103,11187,1.0
11103,11192,1.0
11103,11196,1.0
11103,11199,1.0
11104,11063,0.89927036
11104,11067,1.0
11104,11070,1.0
11104,11076,1.0
11104,11087,1.0
11104,11098,1.0
11104,11103,1.0
11104,11106,1.0
11104,11183,1.0
11104,11187,1.0
11104,11192,1.0
11104,11196,1.0
11104,11199,1.0
11105,11053,0.8390763
11105,19847,0.80811137
11105,32751,0.99999994
11106,11063,0.89927036
11106,11067,1.0
11106,11070,1.0
11106,11076,1.0
11106,11087,1.0
11106,11098,1.0
11106,11103,1.0
11106,11104,1.0
11106,11183,1.0
11106,11187,1.0
11106,11192,1.0
11106,11196,1.0
11106,11199,1.0
11111,42418,0.8182387
11114,461,1.0
11135,11152,1.0
11135,11287,0.88719857
11136,572,1.0
11136,14081,0.8680595
11136,29222,1.0
11136,31778,1.0
11136,41708,0.8680595
11136,42276,1.0
11146,27501,0.9248758
11149,29210,1.0000001
11152,11135,1.0
11152,11287,0.88719857
11170,20451,1.0
11183,11063,0.89927036
11183,11067,1.0
11183,11070,1.0
11183,11076,1.0
11183,11087,1.0
11183,11098,1.0
11183,11103,1.0
11183,11104,1.0
11183,11106,1.0
11183,11187,1.0
11183,11192,1.0
11183,11196,1.0
11183,11199,1.0
11186,11206,1.0
11186,11207,1.0
11187,11063,0.89927036
11187,11067,1.0
11187,11070,1.0
11187,11076,1.0
11187,11087,1.0
11187,11098,1.0
11187,11103,1.0
11187,11104,1.0
11187,11106,1.0
11187,11183,1.0
11187,11192,1.0
11187,11196,1.0
11187,11199,1.0
11191,11088,1.0
11191,11091,1.0
11192,11063,0.89927036
11192,11067,1.0
11192,11070,1.0
11192,11076,1.0
11192,11087,1.0
11192,11098,1.0
11192,11103,1.0
11192,11104,1.0
11192,11106,1.0
11192,11183,1.0
11192,11187,1.0
11192,11196,1.0
11192,11199,1.0
11196,11063,0.89927036
11196,11067,1.0
11196,11070,1.0
11196,11076,1.0
11196,11087,1.0
11196,11098,1.0
11196,11103,1.0
11196,11104,1.0
11196,11106,1.0
11196,11183,1.0
11196,11187,1.0
11196,11192,1.0
11196,11199,1.0
11199,11063,0.89927036
11199,11067,1.0
11199,11070,1.0
11199,11076,1.0
11199,11087,1.0
11199,11098,1.0
11199,11103,1.0
11199,11104,1.0
11199,11106,1.0
11199,11183,1.0
11199,11187,1.0
11199,11192,1.0
11199,11196,1.0
11202,11064,1.0
11202,11096,1.0
11206,11186,1.0
11206,11207,1.0
11207,11186,1.0
11207,11206,1.0
11208,11085,0.9269884
11225,11065,0.99999994
11225,11089,0.99999994
11231,38172,0.91664517
11287,11135,0.88719857
11287,11152,0.88719857
11304,11072,0.9291061
11371,34449,0.8513977
11451,13698,0.83299583
11451,17613,0.83299583
11451,26813,0.83299583
11569,24479,0.8266932
12060,12320,1.0
12072,12327,0.99999994
12096,12360,1.0
12104,12105,1.0
12105,12104,1.0
12137,23,0.9483243
12137,40,0.8629836
12137,51,0.8918228
12137,2408,0.80788076
12137,3756,0.88897806
12137,4102,0.98964494
12137,12485,0.8953199
12137,13203,0.80999625
12137,13683,0.85210884
12137,13701,0.9457859
12137,13703,0.9386105
12137,15227,0.9705715
12137,20297,0.9215582
12137,21117,0.9844629
12137,22049,0.947197
12137,22597,0.9882018
12137,23095,0.96964437
12137,23141,0.98097235
12137,32746,0.97951204
12137,38008,0.8758259
12137,46161,0.99005723
12159,5084,0.83337307
12159,11097,0.84783846
12159,24479,0.89134294
12262,18217,0.84692186
12320,12060,1.0
12327,12072,0.99999994
12360,12096,1.0
12429,4267,0.91987693
12429,15977,0.8518921
12429,19751,0.8867583
12485,23,0.86083657
12485,51,0.81344134
12485,3756,0.8116315
12485,4102,0.8950304
12485,12137,0.8953199
12485,13701,0.8656015
12485,13703,0.8504676
12485,15227,0.87926066
12485,20297,0.839715
12485,21117,0.8905956
12485,22049,0.8712141
12485,22597,0.8937252
12485,23095,0.8785519
12485,23141,0.8884395
12485,32746,0.8870242
12485,46161,0.9071206
12558,18124,0.8792678
12641,46058,1.0
12793,18217,0.84117496
12837,12991,0.82882494
12964,12965,1.0
12965,12964,1.0
12991,12837,0.82882494
13203,4102,0.8118366
13203,12137,0.80999625
13203,15227,0.8030192
13203,21117,0.8074795
13203,22597,0.8120777
13203,23141,0.8109462
13203,32746,0.80484086
13203,46161,0.8143292
13598,30843,1.0
13658,23078,0.85083663
13662,26135,0.81732327
13668,13671,0.8470604
13668,20573,1.0
13668,20618,0.98213786
13671,13668,0.8470604
13671,20573,0.8470604
13671,20618,0.83193016
13672,19885,0.8990655
13683,23,0.8424426
13683,51,0.8059602
13683,3756,0.81163615
13683,4102,0.85778946
13683,12137,0.85210884
13683,13701,0.8267085
13683,13703,0.8383849
13683,15227,0.8526813
13683,20297,0.8626992
13683,21117,0.858764
13683,22049,0.8486873
13683,22597,0.8699069
13683,23095,0.8457071
13683,23141,0.85648084
13683,32746,0.8490385
13683,38008,0.8406091
13683,46161,0.8597159
13692,4017,0.84719723
13692,9050,0.9409657
13692,10449,0.99999994
13692,10497,0.99999994
13692,16985,0.9409657
13692,19889,0.9409657
13692,20388,0.99999994
13692,26623,0.99999994
13692,33672,0.99999994
13692,44457,0.99999994
13694,32902,0.8830925
13698,11451,0.83299583
13698,16389,0.84761536
13698,17613,1.0
13698,26813,1.0
13698,41553,0.81480986
13701,23,0.90863615
13701,40,0.8280828
13701,51,0.8575525
13701,3756,0.85567105
13701,4102,0.9453837
13701,12137,0.9457859
13701,12485,0.8656015
13701,13683,0.8267085
13701,13703,0.919303
13701,15227,0.9283884
13701,20297,0.88554925
13701,21117,0.9455757
13701,22049,0.90908104
13701,22597,0.94400513
13701,23095,0.92739123
13701,23141,0.938144
13701,32746,0.9364275
13701,38008,0.8422834
13701,46161,0.9460678
13703,23,0.9071247
13703,40,0.82466334
13703,51,0.85113776
13703,3756,0.8483911
13703,4102,0.93831193
13703,12137,0.9386105
13703,12485,0.8504676
13703,13683,0.8383849
13703,13701,0.919303
13703,15227,0.9238797
13703,20297,0.878629
13703,21117,0.9347858
13703,22049,0.901929
13703,22597,0.9537553
13703,23095,0.92105246
13703,23141,0.93119925
13703,32746,0.93119246
13703,38008,0.8359829
13703,46161,0.9391003
13705,20400,1.0
13705,20445,1.0
13705,20447,0.91097957
13705,26257,0.91537124
13705,26308,1.0
13716,29182,1.0
13778,14006,0.8276463
13955,14018,1.0
13955,20104,1.0
13955,25954,0.96974105
13955,26773,1.0
13955,27997,1.0
13955,33522,0.8807322
13961,24419,0.87572724
13961,24694,0.8506564
13961,25146,0.9195105
13961,27010,0.948348
13961,31801,0.8753955
13961,43296,0.8892391
13986,33612,0.8159707
13987,29191,0.8320034
14006,13778,0.8276463
14018,13955,1.0
14018,20104,1.0
14018,25954,0.96974105
14018,26773,1.0
14018,27997,1.0
14018,33522,0.8807322
14041,9728,0.8463821
14043,37625,0.8774495
14046,14094,0.89827347
14080,15227,0.8036202
14080,20297,0.8013489
14080,21117,0.8089301
14080,23095,0.80902123
14080,46161,0.80330086
14081,572,0.8680595
14081,11136,0.8680595
14081,29222,0.8680595
14081,31778,0.8680595
14081,41708,0.9999999
14081,42276,0.8680595
14094,14046,0.89827347
14131,22901,0.8274714
14593,1104,0.80564296
14593,8135,0.9096011
14593,16295,0.81695265
14593,20015,0.8305317
14593,20093,0.80558836
14593,21302,0.8450066
14593,24382,0.8096311
14593,24572,0.90736485
14593,27354,0.8503739
14593,30999,0.91708076
14593,34016,0.83642673
14593,44966,0.9018288
15038,10968,0.8302655
15038,22364,0.8302655
15193,42418,0.8825805
15196,582,0.99999994
15196,10467,0.9917083
15196,16824,0.99999994
15196,19884,0.99999994
15196,25586,0.9917083
15200,9618,0.9059704
15200,20707,0.8241893
15200,24534,0.96335936
15200,39431,0.8057819
15217,22906,0.87799144
15217,29797,0.8623766
15217,32552,0.9534423
15227,23,0.9341241
15227,40,0.8450269
15227,51,0.88147587
15227,3756,0.87827283
15227,4102,0.970744
15227,12137,0.9705715
15227,12485,0.87926066
15227,13203,0.8030192
15227,13683,0.8526813
15227,13701,0.9283884
15227,13703,0.9238797
15227,14080,0.8036202
15227,20297,0.9172574
15227,21117,0.9659242
15227,22049,0.93236613
15227,22597,0.9712121
15227,23095,0.95346344
15227,23141,0.9626511
15227,32746,0.9608109
15227,38008,0.86530143
15227,46161,0.97276276
15228,15229,1.0000001
15229,15228,1.0000001
15261,15283,1.0
15266,888,0.965878
15266,32506,0.882282
15266,44195,0.965878
15283,15261,1.0
15505,15522,0.86842805
15522,15505,0.86842805
15626,43831,0.8649702
15977,4267,0.85311687
15977,12429,0.8518921
15977,19751,0.84915364
16020,7622,0.8597197
16020,9794,0.8597197
16020,9905,0.8597197
16020,9942,0.8597197
16020,24727,0.8597197
16020,29484,0.8597197
16295,8135,0.8570757
16295,14593,0.81695265
16295,21302,0.80066574
16295,24572,0.8588638
16295,27354,0.80746543
16295,30999,0.86163616
16295,44966,0.843439
16389,13698,0.84761536
16389,17613,0.84761536
16389,26813,0.84761536
16824,582,0.99999994
16824,10467,0.9917083
16824,15196,0.99999994
16824,19884,0.99999994
16824,25586,0.9917083
16985,4017,0.8631161
16985,9050,1.0000001
16985,10449,0.9409657
16985,10497,0.9409657
16985,13692,0.9409657
16985,19889,1.0000001
16985,20388,0.9409657
16985,26623,0.9409657
16985,33672,0.9409657
16985,44457,0.9409657
17415,20280,1.0
17415,20293,0.81152207
17415,24935,1.0
17415,25219,1.0
17415,26924,0.95913154
17415,32297,1.0
17415,32659,1.0
17613,11451,0.83299583
17613,13698,1.0
17613,16389,0.84761536
17613,26813,1.0
17613,41553,0.81480986
17804,10165,1.0
17804,27504,0.83078945
18124,12558,0.8792678
18148,4745,0.82833153
18148,7519,0.8481821
18148,18686,0.8463956
18148,27690,0.82318664
18148,29028,0.8584702
18148,32007,0.8591626
18148,44803,0.83500856
18217,12262,0.84692186
18217,12793,0.84117496
18434,24777,0.8256888
18686,250,0.81361693
18686,4745,0.9110156
18686,7519,0.92890924
18686,18148,0.8463956
18686,22717,0.8341981
18686,27690,0.8985909
18686,29028,0.96990925
18686,32007,0.94969285
18686,44803,0.9120641
19047,19048,0.98810774
19047,19051,0.9525287
19048,19047,0.98810774
19048,19051,0.9607028
19051,19047,0.9525287
19051,19048,0.9607028
19183,19338,0.8179548
19200,231,0.8323229
19338,19183,0.8179548
19691,8135,0.8155698
19691,27537,0.87690294
19751,4267,0.8964622
19751,12429,0.8867583
19751,15977,0.84915364
19847,11105,0.80811137
19847,32751,0.80811137
19852,20422,0.8716106
19868,8314,0.81360763
19868,20375,0.81360763
19871,25912,1.0
19871,32470,0.98929507
19871,35949,1.0
19877,20386,1.0
19884,582,0.99999994
19884,10467,0.9917083
19884,15196,0.99999994
19884,16824,0.99999994
19884,25586,0.9917083
19885,13672,0.8990655
19885,26313,0.8480104
19889,4017,0.8631161
19889,9050,1.0000001
19889,10449,0.9409657
19889,10497,0.9409657
19889,13692,0.9409657
19889,16985,1.0000001
19889,20388,0.9409657
19889,26623,0.9409657
19889,33672,0.9409657
19889,44457,0.9409657
20015,8135,0.86348593
20015,14593,0.8305317
20015,20093,0.8190293
20015,21302,0.81970966
20015,24572,0.8604944
20015,27354,0.8097272
20015,30999,0.8716967
20015,34016,0.81245637
20015,44966,0.8558136
20017,20286,0.99999994
20017,20799,0.99999994
20017,21060,0.99999994
20025,26584,0.99999994
20089,7916,0.87075716
20093,8135,0.84526205
20093,14593,0.80558836
20093,20015,0.8190293
20093,24572,0.8426042
20093,30999,0.8501633
20093,44966,0.830109
20104,13955,1.0
20104,14018,1.0
20104,25954,0.96974105
20104,26773,1.0
20104,27997,1.0
20104,33522,0.8807322
20156,25327,0.89668155
20200,20594,1.0
20233,20295,0.84066284
20233,20330,0.8132712
20233,20355,0.8169339
20233,20455,0.85452175
20233,20789,0.9192462
20233,20874,0.9192462
20247,20760,0.89891154
20274,20669,1.0
20280,17415,1.0
20280,20293,0.81152207
20280,24935,1.0
20280,25219,1.0
20280,26924,0.95913154
20280,32297,1.0
20280,32659,1.0
20286,20017,0.99999994
20286,20799,0.99999994
20286,21060,0.99999994
20288,26562,0.88376355
20293,5309,0.8060567
20293,17415,0.81152207
20293,20280,0.81152207
20293,24935,0.81152207
20293,25219,0.81152207
20293,32297,0.81152207
20293,32659,0.81152207
20295,20233,0.84066284
20295,20330,0.809084
20295,20355,0.85215795
20295,20455,0.8842768
20295,20775,0.9008784
20295,20789,0.9145133
20295,20874,0.9145133
20297,23,0.8891896
20297,40,0.803455
20297,51,0.8518385
20297,3756,0.8517983
20297,4102,0.92336506
20297,12137,0.9215582
20297,12485,0.839715
20297,13683,0.8626992
20297,13701,0.88554925
20297,13703,0.878629
20297,14080,0.8013489
20297,15227,0.9172574
20297,21117,0.9182677
20297,22049,0.89765435
20297,22597,0.92201847
20297,23095,0.9069199
20297,23141,0.91694516
20297,32746,0.91365546
20297,38008,0.8715107
20297,46161,0.92789876
20301,37122,0.8373361
20330,20233,0.8132712
20330,20295,0.809084
20330,20455,0.8224222
20330,20775,0.93122077
20330,20789,0.88471544
20330,20874,0.88471544
20337,22593,0.81354344
20342,26648,0.8933792
20355,20233,0.8169339
20355,20295,0.85215795
20355,20455,0.8662063
20355,20789,0.88869977
20355,20874,0.88869977
20355,26568,0.8993511
20358,10169,0.90323704
20358,27240,0.90323704
20358,29231,0.90323704
20358,32906,0.90323704
20358,39672,0.90323704
20372,26162,1.0
20372,32657,0.86313915
20374,32458,0.99999994
20374,32700,0.99999994
20374,34189,0.99999994
20375,8314,1.0
20375,19868,0.81360763
20386,19877,1.0
20388,4017,0.84719723
20388,9050,0.9409657
20388,10449,0.99999994
20388,10497,0.99999994
20388,13692,0.99999994
20388,16985,0.9409657
20388,19889,0.9409657
20388,26623,0.99999994
20388,33672,0.99999994
20388,44457,0.99999994
20390,25160,0.9089248
20390,32485,1.0
20390,34109,0.94557905
20390,40269,0.8870008
20392,24357,1.0
20400,13705,1.0
20400,20445,1.0
20400,20447,0.91097957
20400,26257,0.91537124
20400,26308,1.0
20411,24766,1.0
20422,19852,0.8716106
20437,8116,1.0
20437,26274,1.0
20437,32749,0.90930355
20445,13705,1.0
20445,20400,1.0
20445,20447,0.91097957
20445,26257,0.91537124
20445,26308,1.0
20447,13705,0.91097957
20447,20400,0.91097957
20447,20445,0.91097957
20447,26257,0.83388436
20447,26308,0.91097957
20451,11170,1.0
20455,20233,0.85452175
20455,20295,0.8842768
20455,20330,0.8224222
20455,20355,0.8662063
20455,20789,0.9295896
20455,20874,0.9295896
20461,24777,0.9261508
20461,30324,0.906836
20461,32750,0.85822445
20500,36513,0.99999994
20573,13668,1.0
20573,13671,0.8470604
20573,20618,0.98213786
20594,20200,1.0
20618,13668,0.98213786
20618,13671,0.83193016
20618,20573,0.98213786
20622,36564,0.80266637
20637,26198,0.8699731
20669,20274,1.0
20707,15200,0.8241893
20707,24534,0.835627
20752,27728,0.872567
20752,33473,0.9478892
20760,20247,0.89891154
20775,20295,0.9008784
20775,20330,0.93122077
20775,20789,0.8238654
20775,20874,0.8238654
20779,42207,0.9825923
20789,20233,0.9192462
20789,20295,0.9145133
20789,20330,0.88471544
20789,20355,0.88869977
20789,20455,0.9295896
20789,20775,0.8238654
20789,20874,1.0
20789,26568,0.8380295
20799,20017,0.99999994
20799,20286,0.99999994
20799,21060,0.99999994
20874,20233,0.9192462
20874,20295,0.9145133
20874,20330,0.88471544
20874,20355,0.88869977
20874,20455,0.9295896
20874,20775,0.8238654
20874,20789,1.0
20874,26568,0.8380295
20954,27879,0.8171574
20954,32443,0.8282823
20954,34785,0.8038705
21029,1334,0.88507825
21060,20017,0.99999994
21060,20286,0.99999994
21060,20799,0.99999994
21080,25366,0.99999994
21117,23,0.9435529
21117,40,0.85989356
21117,51,0.88953626
21117,2408,0.80385655
21117,3756,0.8858633
21117,4102,0.9836208
21117,12137,0.9844629
21117,12485,0.8905956
21117,13203,0.8074795
21117,13683,0.858764
21117,13701,0.9455757
21117,13703,0.9347858
21117,14080,0.8089301
21117,15227,0.9659242
21117,20297,0.9182677
21117,22049,0.94266653
21117,22597,0.9821864
21117,23095,0.9707431
21117,23141,0.9764394
21117,32746,0.9737053
21117,38008,0.87369764
21117,43205,0.8007937
21117,46161,0.98427016
21146,7459,0.8114296
21146,27558,1.0
21146,43571,1.0
21200,5058,1.0
21230,21317,1.0
21232,21234,0.99999994
21232,21236,0.99999994
21232,21301,0.99999994
21234,21232,0.99999994
21234,21236,0.99999994
21234,21301,0.99999994
21236,21232,0.99999994
21236,21234,0.99999994
21236,21301,0.99999994
21243,21611,0.87644553
21301,21232,0.99999994
21301,21234,0.99999994
21301,21236,0.99999994
21302,8135,0.8840883
21302,14593,0.8450066
21302,16295,0.80066574
21302,20015,0.81970966
21302,24382,0.80491185
21302,24572,0.88419783
21302,27354,0.8393514
21302,30999,0.89800954
21302,34016,0.8276298
21302,44966,0.88367945
21317,21230,1.0
21430,32989,0.9358339
21516,24972,0.8899956
21611,21243,0.87644553
21833,28597,1.0
22049,23,0.912171
22049,40,0.84223795
22049,51,0.87182385
22049,3756,0.86738443
22049,4102,0.94722277
22049,12137,0.947197
22049,12485,0.8712141
22049,13683,0.8486873
22049,13701,0.90908104
22049,13703,0.901929
22049,15227,0.93236613
22049,20297,0.89765435
22049,21117,0.94266653
22049,22597,0.9444402
22049,23095,0.9315592
22049,23141,0.94190645
22049,32746,0.9399879
22049,38008,0.8530667
22049,46161,0.94686913
22142,7884,0.8035292
22364,3033,0.899437
22364,10968,1.0
22364,15038,0.8302655
22364,22460,0.8218027
22364,26166,0.8069898
22364,32520,0.8069898
22364,32634,0.8069898
22364,32883,0.8069898
22364,32948,0.8069898
22460,10968,0.8218027
22460,22364,0.8218027
22545,30184,0.8545064
22559,45976,0.9240924
22591,22730,0.97546965
22592,22594,1.0
22593,20337,0.81354344
22594,22592,1.0
22597,23,0.95015275
22597,40,0.85885
22597,51,0.8931696
22597,2408,0.8060511
22597,3756,0.8894817
22597,4102,0.9876384
22597,12137,0.9882018
22597,12485,0.8937252
22597,13203,0.8120777
22597,13683,0.8699069
22597,13701,0.94400513
22597,13703,0.9537553
22597,15227,0.9712121
22597,20297,0.92201847
22597,21117,0.9821864
22597,22049,0.9444402
22597,23095,0.96785593
22597,23141,0.97904414
22597,32746,0.9776935
22597,38008,0.8772663
22597,46161,0.9881211
22711,39386,0.9951712
22711,41876,0.9951712
22717,4745,0.81730986
22717,7519,0.8330473
22717,18686,0.8341981
22717,29028,0.8420434
22717,32007,0.83706874
22717,44803,0.82274526
22730,22591,0.97546965
22901,14131,0.8274714
22906,15217,0.87799144
22906,29797,0.83702296
22906,32552,0.88629067
23078,13658,0.85083663
23082,26234,0.97052747
23095,23,0.93266374
23095,40,0.8486279
23095,51,0.8785434
23095,3756,0.87581056
23095,4102,0.9692694
23095,12137,0.96964437
23095,12485,0.8785519
23095,13683,0.8457071
23095,13701,0.92739123
23095,13703,0.92105246
23095,14080,0.80902123
23095,15227,0.95346344
23095,20297,0.9069199
23095,21117,0.9707431
23095,22049,0.9315592
23095,22597,0.96785593
23095,23141,0.96139544
23095,32746,0.95948917
23095,38008,0.8629006
23095,46161,0.96996826
23141,23,0.94037205
23141,40,0.86122906
23141,51,0.8961406
23141,2408,0.80124485
23141,3756,0.8851428
23141,4102,0.9839251
23141,12137,0.98097235
23141,12485,0.8884395
23141,13203,0.8109462
23141,13683,0.85648084
23141,13701,0.938144
23141,13703,0.93119925
23141,15227,0.9626511
23141,20297,0.91694516
23141,21117,0.9764394
23141,22049,0.94190645
23141,22597,0.97904414
23141,23095,0.96139544
23141,32746,0.97109175
23141,38008,0.87228894
23141,46161,0.9810925
23185,34207,0.85850406
23250,33559,0.9586491
23736,42418,0.8369286
24280,1855,0.9558551
24280,8173,0.80973434
24280,25786,0.8652041
24280,33070,0.8652041
24280,33084,0.86348844
24280,34305,0.8652041
24357,20392,1.0
24382,8135,0.8491684
24382,14593,0.8096311
24382,21302,0.80491185
24382,24572,0.847558
24382,27354,0.8058404
24382,30999,0.88093936
24382,34016,0.825413
24382,44966,0.8626946
24419,13961,0.87572724
24419,24694,0.81556463
24419,25146,0.85688806
24419,27010,0.88366175
24419,31801,0.83882475
24419,43296,0.8474032
24479,5084,0.93496346
24479,11097,0.95119226
24479,11569,0.8266932
24479,12159,0.89134294
24530,1468,0.8480308
24530,5898,0.8480308
24534,9618,0.87277496
24534,15200,0.96335936
24534,20707,0.835627
24545,36564,0.8222537
24572,1104,0.8460392
24572,8135,0.955132
24572,14593,0.90736485
24572,16295,0.8588638
24572,20015,0.8604944
24572,20093,0.8426042
24572,21302,0.88419783
24572,24382,0.847558
24572,27354,0.8944608
24572,30999,0.96321404
24572,32965,0.8022002
24572,34016,0.87910616
24572,44966,0.94321156
24607,9715,0.83757174
24615,32581,1.0
24635,25371,0.9723294
24648,25127,0.9761015
24653,25154,0.99999994
24656,25217,1.0
24666,25310,0.8824364
24683,620,1.0
24683,4062,1.0
24683,9200,1.0
24683,29224,1.0
24683,30106,1.0
24683,31549,1.0
24683,35425,0.80260396
24688,28108,1.0
24694,13961,0.8506564
24694,24419,0.81556463
24694,25146,0.8684983
24694,27010,0.86797416
24694,31801,0.82248455
24694,43296,0.8150668
24706,33265,0.9354335
24722,6902,1.0
24722,27491,1.0
24722,32662,1.0
24722,32732,1.0
24722,33497,0.8558043
24722,43595,0.8946415
24727,7622,0.99999994
24727,9794,0.99999994
24727,9905,0.99999994
24727,9942,0.99999994
24727,16020,0.8597197
24727,29484,0.99999994
24728,26143,0.8403009
24737,29569,0.8138689
24738,24739,1.0000001
24739,24738,1.0000001
24766,20411,1.0
24772,25045,0.8128142
24777,18434,0.8256888
24777,20461,0.9261508
24777,30324,0.89345235
24777,32750,0.86716866
24935,17415,1.0
24935,20280,1.0
24935,20293,0.81152207
24935,25219,1.0
24935,26924,0.95913154
24935,32297,1.0
24935,32659,1.0
24972,21516,0.8899956
24976,5127,0.85430557
24983,40027,0.80387634
25045,24772,0.8128142
25068,36680,0.89200157
25082,28312,0.8345517
25120,26069,0.9090128
25127,24648,0.9761015
25129,25957,1.0
25146,13961,0.9195105
25146,24419,0.85688806
25146,24694,0.8684983
25146,27010,0.93154335
25146,31801,0.8987277
25146,32829,0.8108475
25146,43296,0.8868144
25154,24653,0.99999994
25160,20390,0.9089248
25160,32485,0.9089248
25160,34109,0.92714
25160,40269,0.8062172
25213,28367,0.9721841
25217,24656,1.0
25219,17415,1.0
25219,20280,1.0
25219,20293,0.81152207
25219,24935,1.0
25219,26924,0.95913154
25219,32297,1.0
25219,32659,1.0
25307,25894,0.99999994
25310,24666,0.8824364
25327,20156,0.89668155
25366,21080,0.99999994
25371,24635,0.9723294
25506,231,0.8056894
25569,25849,1.0
25586,582,0.9917083
25586,10467,1.0
25586,15196,0.9917083
25586,16824,0.9917083
25586,19884,0.9917083
25628,32725,0.9071059
25636,28560,0.93323565
25786,1855,0.9051625
25786,8173,0.81998175
25786,24280,0.8652041
25786,33070,1.0
25786,33084,0.8176944
25786,34305,1.0
25849,25569,1.0
25852,28633,0.97872794
25894,25307,0.99999994
25912,19871,1.0
25912,32470,0.98929507
25912,35949,1.0
25954,13955,0.96974105
25954,14018,0.96974105
25954,20104,0.96974105
25954,26773,0.96974105
25954,27997,0.96974105
25954,33522,0.854082
25957,25129,1.0
26053,26204,0.82854354
26069,25120,0.9090128
26135,13662,0.81732327
26143,24728,0.8403009
26162,20372,1.0
26162,32657,0.86313915
26166,10968,0.8069898
26166,22364,0.8069898
26166,32520,1.0
26166,32634,1.0
26166,32883,1.0
26166,32948,1.0
26166,33775,0.8223467
26198,20637,0.8699731
26201,26554,0.9300087
26204,6856,0.8797777
26204,26053,0.82854354
26232,38189,1.0
26234,23082,0.97052747
26257,13705,0.91537124
26257,20400,0.91537124
26257,20445,0.91537124
26257,20447,0.83388436
26257,26308,0.91537124
26274,8116,1.0
26274,20437,1.0
26274,32749,0.90930355
26308,13705,1.0
26308,20400,1.0
26308,20445,1.0
26308,20447,0.91097957
26308,26257,0.91537124
26313,19885,0.8480104
26358,33208,0.85454524
26380,38449,0.99999994
26554,26201,0.9300087
26562,20288,0.88376355
26568,20355,0.8993511
26568,20789,0.8380295
26568,20874,0.8380295
26584,20025,0.99999994
26623,4017,0.84719723
26623,9050,0.9409657
26623,10449,0.99999994
26623,10497,0.99999994
26623,13692,0.99999994
26623,16985,0.9409657
26623,19889,0.9409657
26623,20388,0.99999994
26623,33672,0.99999994
26623,44457,0.99999994
26648,20342,0.8933792
26773,13955,1.0
26773,14018,1.0
26773,20104,1.0
26773,25954,0.96974105
26773,27997,1.0
26773,33522,0.8807322
26813,11451,0.83299583
26813,13698,1.0
26813,16389,0.84761536
26813,17613,1.0
26813,41553,0.81480986
26839,29191,0.84554595
26915,27053,1.0
26916,27087,1.0
26918,26929,1.0
26924,17415,0.95913154
26924,20280,0.95913154
26924,24935,0.95913154
26924,25219,0.95913154
26924,32297,0.95913154
26924,32659,0.95913154
26929,26918,1.0
27010,13961,0.948348
27010,24419,0.88366175
27010,24694,0.86797416
27010,25146,0.93154335
27010,31801,0.8827511
27010,43296,0.9009789
27053,26915,1.0
27087,26916,1.0
27240,10169,0.99999994
27240,20358,0.90323704
27240,29231,0.99999994
27240,32906,0.99999994
27240,39672,0.99999994
27354,8135,0.88942456
27354,14593,0.8503739
27354,16295,0.80746543
27354,20015,0.8097272
27354,21302,0.8393514
27354,24382,0.8058404
27354,24572,0.8944608
27354,30999,0.9053765
27354,34016,0.83224636
27354,44966,0.8901396
27368,24,0.8981488
27370,33,0.8004358
27370,1334,0.8277365
27387,34449,0.8180151
27416,123,1.0
27438,27439,0.9999999
27438,27444,0.9999999
27438,27457,0.9999999
27438,27463,0.9999999
27439,27438,0.9999999
27439,27444,0.9999999
27439,27457,0.9999999
27439,27463,0.9999999
27441,27450,0.99999994
27441,27561,0.99999994
27442,27456,0.9106095
27442,27458,0.9106095
27442,27581,0.9106095
27443,27454,0.8850812
27443,27582,0.8850812
27444,27438,0.9999999
27444,27439,0.9999999
27444,27457,0.9999999
27444,27463,0.9999999
27446,27460,1.0
27446,27591,0.8347013
27446,27596,0.9199033
27447,27451,0.99999994
27447,27586,0.99999994
27450,27441,0.99999994
27450,27561,0.99999994
27451,27447,0.99999994
27451,27586,0.99999994
27454,27443,0.8850812
27454,27582,1.0
27456,27442,0.9106095
27456,27458,1.0
27456,27581,1.0
27457,27438,0.9999999
27457,27439,0.9999999
27457,27444,0.9999999
27457,27463,0.9999999
27458,27442,0.9106095
27458,27456,1.0
27458,27581,1.0
27460,27446,1.0
27460,27591,0.8347013
27460,27596,0.9199033
27461,27587,1.0
27461,27590,1.0
27461,28010,0.8212075
27463,27438,0.9999999
27463,27439,0.9999999
27463,27444,0.9999999
27463,27457,0.9999999
27469,113,0.8537126
27491,6902,1.0
27491,24722,1.0
27491,32662,1.0
27491,32732,1.0
27491,33497,0.8558043
27491,43595,0.8946415
27501,11146,0.9248758
27504,10165,0.83078945
27504,17804,0.83078945
27504,29274,0.9016672
27514,9873,1.0
27521,150,1.0
27521,29198,1.0
27524,407,0.8056195
27527,27809,0.99999994
27537,19691,0.87690294
27558,7459,0.8114296
27558,21146,1.0
27558,43571,1.0
27561,27441,0.99999994
27561,27450,0.99999994
27562,35600,1.0
27576,27579,1.0
27579,27576,1.0
27581,27442,0.9106095
27581,27456,1.0
27581,27458,1.0
27582,27443,0.8850812
27582,27454,1.0
27586,27447,0.99999994
27586,27451,0.99999994
27587,27461,1.0
27587,27590,1.0
27587,28010,0.8212075
27590,27461,1.0
27590,27587,1.0
27590,28010,0.8212075
27591,27446,0.8347013
27591,27460,0.8347013
27591,27596,0.9095866
27594,37114,1.0000001
27596,27446,0.9199033
27596,27460,0.9199033
27596,27591,0.9095866
27643,207,0.86914194
27662,224,0.87342143
27690,250,0.8759774
27690,4745,0.8701857
27690,7519,0.8905289
27690,18148,0.82318664
27690,18686,0.8985909
27690,29028,0.9130226
27690,32007,0.8982416
27690,44803,0.87200683
27692,247,0.8741346
27709,260,0.99132556
27724,275,0.90908444
27728,9953,0.8177291
27728,20752,0.872567
27728,33473,0.92053694
27741,289,0.9391229
27750,302,0.89010954
27768,320,0.96044654
27776,325,1.0
27790,333,0.8540525
27792,335,0.8740647
27809,27527,0.99999994
27816,350,0.83948416
27857,5855,0.84903157
27873,402,1.0
27879,4423,0.88270134
27879,20954,0.8171574
27879,32443,0.97590506
27879,34785,0.940414
27879,40132,0.8630815
27879,45875,0.80833393
27908,426,0.96115696
27928,448,0.93378615
27959,471,0.92763215
27997,13955,1.0
27997,14018,1.0
27997,20104,1.0
27997,25954,0.96974105
27997,26773,1.0
27997,33522,0.8807322
28003,507,0.99915415
28010,27461,0.8212075
28010,27587,0.8212075
28010,27590,0.8212075
28044,540,0.90534943
28072,561,0.97939277
28079,565,0.98574746
28083,569,0.92171305
28096,583,0.895586
28104,28109,1.0
28104,28111,1.0
28108,24688,1.0
28109,28104,1.0
28109,28111,1.0
28111,28104,1.0
28111,28109,1.0
28312,25082,0.8345517
28367,25213,0.9721841
28560,25636,0.93323565
28597,21833,1.0
28633,25852,0.97872794
29028,250,0.8258068
29028,4745,0.9245974
29028,7519,0.94523734
29028,18148,0.8584702
29028,18686,0.96990925
29028,22717,0.8420434
29028,27690,0.9130226
29028,32007,0.96362346
29028,44803,0.9256451
29123,29126,1.0
29123,29135,1.0
29123,29136,1.0
29124,29128,1.0
29124,29130,1.0
29124,29131,1.0
29124,29238,1.0
29124,29242,1.0
29124,29248,1.0
29124,29249,1.0
29124,29250,1.0
29124,29251,1.0
29124,29253,1.0
29126,29123,1.0
29126,29135,1.0
29126,29136,1.0
29127,29252,0.99999994
29128,29124,1.0
29128,29130,1.0
29128,29131,1.0
29128,29238,1.0
29128,29242,1.0
29128,29248,1.0
29128,29249,1.0
29128,29250,1.0
29128,29251,1.0
29128,29253,1.0
29130,29124,1.0
29130,29128,1.0
29130,29131,1.0
29130,29238,1.0
29130,29242,1.0
29130,29248,1.0
29130,29249,1.0
29130,29250,1.0
29130,29251,1.0
29130,29253,1.0
29131,29124,1.0
29131,29128,1.0
29131,29130,1.0
29131,29238,1.0
29131,29242,1.0
29131,29248,1.0
29131,29249,1.0
29131,29250,1.0
29131,29251,1.0
29131,29253,1.0
29135,29123,1.0
29135,29126,1.0
29135,29136,1.0
29136,29123,1.0
29136,29126,1.0
29136,29135,1.0
29148,36680,0.83466697
29182,13716,1.0
29191,13987,0.8320034
29191,26839,0.84554595
29191,29372,0.8763622
29198,150,1.0
29198,27521,1.0
29210,11149,1.0000001
29212,29213,1.0
29213,29212,1.0
29222,572,1.0
29222,11136,1.0
29222,14081,0.8680595
29222,31778,1.0
29222,41708,0.8680595
29222,42276,1.0
29224,620,1.0
29224,4062,1.0
29224,9200,1.0
29224,24683,1.0
29224,30106,1.0
29224,31549,1.0
29224,35425,0.80260396
29231,10169,0.99999994
29231,20358,0.90323704
29231,27240,0.99999994
29231,32906,0.99999994
29231,39672,0.99999994
29238,29124,1.0
29238,29128,1.0
29238,29130,1.0
29238,29131,1.0
29238,29242,1.0
29238,29248,1.0
29238,29249,1.0
29238,29250,1.0
29238,29251,1.0
29238,29253,1.0
29242,29124,1.0
29242,29128,1.0
29242,29130,1.0
29242,29131,1.0
29242,29238,1.0
29242,29248,1.0
29242,29249,1.0
29242,29250,1.0
29242,29251,1.0
29242,29253,1.0
29248,29124,1.0
29248,29128,1.0
29248,29130,1.0
29248,29131,1.0
29248,29238,1.0
29248,29242,1.0
29248,29249,1.0
29248,29250,1.0
29248,29251,1.0
29248,29253,1.0
29249,29124,1.0
29249,29128,1.0
29249,29130,1.0
29249,29131,1.0
29249,29238,1.0
29249,29242,1.0
29249,29248,1.0
29249,29250,1.0
29249,29251,1.0
29249,29253,1.0
29250,29124,1.0
29250,29128,1.0
29250,29130,1.0
29250,29131,1.0
29250,29238,1.0
29250,29242,1.0
29250,29248,1.0
29250,29249,1.0
29250,29251,1.0
29250,29253,1.0
29251,29124,1.0
29251,29128,1.0
29251,29130,1.0
29251,29131,1.0
29251,29238,1.0
29251,29242,1.0
29251,29248,1.0
29251,29249,1.0
29251,29250,1.0
29251,29253,1.0
29252,29127,0.99999994
29253,29124,1.0
29253,29128,1.0
29253,29130,1.0
29253,29131,1.0
29253,29238,1.0
29253,29242,1.0
29253,29248,1.0
29253,29249,1.0
29253,29250,1.0
29253,29251,1.0
29274,27504,0.9016672
29372,29191,0.8763622
29484,7622,0.99999994
29484,9794,0.99999994
29484,9905,0.99999994
29484,9942,0.99999994
29484,16020,0.8597197
29484,24727,0.99999994
29569,24737,0.8138689
29570,29724,0.8324505
29724,11097,0.8282167
29724,29570,0.8324505
29764,36767,0.8868393
29797,15217,0.8623766
29797,22906,0.83702296
29797,32552,0.87060994
30060,30061,1.0
30061,30060,1.0
30086,30300,0.9796522
30106,620,1.0
30106,4062,1.0
30106,9200,1.0
30106,24683,1.0
30106,29224,1.0
30106,31549,1.0
30106,35425,0.80260396
30184,22545,0.8545064
30300,30086,0.9796522
30324,20461,0.906836
30324,24777,0.89345235
30324,32750,0.8351703
30581,30591,0.90015936
30591,30581,0.90015936
30843,13598,1.0
30856,30857,0.85683095
30857,30856,0.85683095
30999,1104,0.8542837
30999,8135,0.9637553
30999,14593,0.91708076
30999,16295,0.86163616
30999,20015,0.8716967
30999,20093,0.8501633
30999,21302,0.89800954
30999,24382,0.88093936
30999,24572,0.96321404
30999,27354,0.9053765
30999,32965,0.81687355
30999,34016,0.91067374
30999,44966,0.96590906
31343,31353,0.9789048
31353,31343,0.9789048
31549,620,1.0
31549,4062,1.0
31549,9200,1.0
31549,24683,1.0
31549,29224,1.0
31549,30106,1.0
31549,35425,0.80260396
31759,9618,0.8552303
31778,572,1.0
31778,11136,1.0
31778,14081,0.8680595
31778,29222,1.0
31778,41708,0.8680595
31778,42276,1.0
31801,13961,0.8753955
31801,24419,0.83882475
31801,24694,0.82248455
31801,25146,0.8987277
31801,27010,0.8827511
31801,43296,0.8381423
32007,250,0.82184136
32007,4745,0.90915376
32007,7519,0.92768
32007,18148,0.8591626
32007,18686,0.94969285
32007,22717,0.83706874
32007,27690,0.8982416
32007,29028,0.96362346
32007,44803,0.91370445
32297,17415,1.0
32297,20280,1.0
32297,20293,0.81152207
32297,24935,1.0
32297,25219,1.0
32297,26924,0.95913154
32297,32659,1.0
32326,32327,0.86528873
32327,32326,0.86528873
32443,4423,0.89454097
32443,20954,0.8282823
32443,27879,0.97590506
32443,34785,0.97629386
32443,40132,0.8732562
32443,45875,0.81506264
32446,33442,0.9229587
32458,20374,0.99999994
32458,32700,0.99999994
32458,34189,0.99999994
32470,19871,0.98929507
32470,25912,0.98929507
32470,35949,0.98929507
32471,1104,0.8109883
32485,20390,1.0
32485,25160,0.9089248
32485,34109,0.94557905
32485,40269,0.8870008
32497,32762,1.0
32498,32913,0.8631929
32500,32834,0.924819
32506,888,0.8521768
32506,15266,0.882282
32506,44195,0.8521768
32507,32508,1.0
32507,32512,1.0
32507,32613,1.0
32508,32507,1.0
32508,32512,1.0
32508,32613,1.0
32512,32507,1.0
32512,32508,1.0
32512,32613,1.0
32520,10968,0.8069898
32520,22364,0.8069898
32520,26166,1.0
32520,32634,1.0
32520,32883,1.0
32520,32948,1.0
32520,33775,0.8223467
32533,33193,1.0
32542,33294,1.0
32545,33403,0.99999994
32552,15217,0.9534423
32552,22906,0.88629067
32552,29797,0.87060994
32581,24615,1.0
32613,32507,1.0
32613,32508,1.0
32613,32512,1.0
32618,33586,0.9875115
32634,10968,0.8069898
32634,22364,0.8069898
32634,26166,1.0
32634,32520,1.0
32634,32883,1.0
32634,32948,1.0
32634,33775,0.8223467
32657,20372,0.86313915
32657,26162,0.86313915
32659,17415,1.0
32659,20280,1.0
32659,20293,0.81152207
32659,24935,1.0
32659,25219,1.0
32659,26924,0.95913154
32659,32297,1.0
32662,6902,1.0
32662,24722,1.0
32662,27491,1.0
32662,32732,1.0
32662,33497,0.8558043
32662,43595,0.8946415
32700,20374,0.99999994
32700,32458,0.99999994
32700,34189,0.99999994
32725,25628,0.9071059
32732,6902,1.0
32732,24722,1.0
32732,27491,1.0
32732,32662,1.0
32732,33497,0.8558043
32732,43595,0.8946415
32746,23,0.93894404
32746,40,0.85923916
32746,51,0.8894935
32746,2408,0.8057293
32746,3756,0.87996835
32746,4102,0.9792173
32746,12137,0.97951204
32746,12485,0.8870242
32746,13203,0.80484086
32746,13683,0.8490385
32746,13701,0.9364275
32746,13703,0.93119246
32746,15227,0.9608109
32746,20297,0.91365546
32746,21117,0.9737053
32746,22049,0.9399879
32746,22597,0.9776935
32746,23095,0.95948917
32746,23141,0.97109175
32746,38008,0.86837846
32746,46161,0.97928023
32749,8116,0.90930355
32749,20437,0.90930355
32749,26274,0.90930355
32750,20461,0.85822445
32750,24777,0.86716866
32750,30324,0.8351703
32751,11053,0.8390763
32751,11105,0.99999994
32751,19847,0.80811137
32762,32497,1.0
32829,25146,0.8108475
32834,32500,0.924819
32883,10968,0.8069898
32883,22364,0.8069898
32883,26166,1.0
32883,32520,1.0
32883,32634,1.0
32883,32948,1.0
32883,33775,0.8223467
32902,13694,0.8830925
32905,34112,1.0000001
32906,10169,0.99999994
32906,20358,0.90323704
32906,27240,0.99999994
32906,29231,0.99999994
32906,39672,0.99999994
32913,32498,0.8631929
32948,10968,0.8069898
32948,22364,0.8069898
32948,26166,1.0
32948,32520,1.0
32948,32634,1.0
32948,32883,1.0
32948,33775,0.8223467
32965,24572,0.8022002
32965,30999,0.81687355
32989,21430,0.9358339
33070,1855,0.9051625
33070,8173,0.81998175
33070,24280,0.8652041
33070,25786,1.0
33070,33084,0.8176944
33070,34305,1.0
33084,1855,0.9033676
33084,24280,0.86348844
33084,25786,0.8176944
33084,33070,0.8176944
33084,34305,0.8176944
33193,32533,1.0
33208,26358,0.85454524
33265,24706,0.9354335
33294,32542,1.0
33344,36767,0.80040497
33403,32545,0.99999994
33442,32446,0.9229587
33473,20752,0.9478892
33473,27728,0.92053694
33497,6902,0.8558043
33497,24722,0.8558043
33497,27491,0.8558043
33497,32662,0.8558043
33497,32732,0.8558043
33513,10058,1.0
33522,13955,0.8807322
33522,14018,0.8807322
33522,20104,0.8807322
33522,25954,0.854082
33522,26773,0.8807322
33522,27997,0.8807322
33559,23250,0.9586491
33586,32618,0.9875115
33612,13986,0.8159707
33672,4017,0.84719723
33672,9050,0.9409657
33672,10449,0.99999994
33672,10497,0.99999994
33672,13692,0.99999994
33672,16985,0.9409657
33672,19889,0.9409657
33672,20388,0.99999994
33672,26623,0.99999994
33672,44457,0.99999994
33775,26166,0.8223467
33775,32520,0.8223467
33775,32634,0.8223467
33775,32883,0.8223467
33775,32948,0.8223467
34016,8135,0.87730956
34016,14593,0.83642673
34016,20015,0.81245637
34016,21302,0.8276298
34016,24382,0.825413
34016,24572,0.87910616
34016,27354,0.83224636
34016,30999,0.91067374
34016,44966,0.8921447
34109,20390,0.94557905
34109,25160,0.92714
34109,32485,0.94557905
34109,40269,0.84869367
34112,32905,1.0000001
34189,20374,0.99999994
34189,32458,0.99999994
34189,32700,0.99999994
34207,23185,0.85850406
34305,1855,0.9051625
34305,8173,0.81998175
34305,24280,0.8652041
34305,25786,1.0
34305,33070,1.0
34305,33084,0.8176944
34367,34377,0.99999994
34367,34388,0.99999994
34371,34373,1.0
34371,34380,1.0
34371,34385,1.0
34373,34371,1.0
34373,34380,1.0
34373,34385,1.0
34377,34367,0.99999994
34377,34388,0.99999994
34380,34371,1.0
34380,34373,1.0
34380,34385,1.0
34382,34383,1.0
34383,34382,1.0
34385,34371,1.0
34385,34373,1.0
34385,34380,1.0
34388,34367,0.99999994
34388,34377,0.99999994
34449,11371,0.8513977
34449,27387,0.8180151
34470,7916,0.86034036
34581,34582,1.0
34581,34591,1.0
34582,34581,1.0
34582,34591,1.0
34591,34581,1.0
34591,34582,1.0
34785,4423,0.8718124
34785,20954,0.8038705
34785,27879,0.940414
34785,32443,0.97629386
34785,40132,0.8533834
35072,35074,0.8987931
35074,35072,0.8987931
35425,620,0.80260396
35425,4062,0.80260396
35425,9200,0.80260396
35425,24683,0.80260396
35425,29224,0.80260396
35425,30106,0.80260396
35425,31549,0.80260396
35600,27562,1.0
35949,19871,1.0
35949,25912,1.0
35949,32470,0.98929507
36418,9856,0.85849875
36513,20500,0.99999994
36564,20622,0.80266637
36564,24545,0.8222537
36680,25068,0.89200157
36680,29148,0.83466697
36767,29764,0.8868393
36767,33344,0.80040497
37114,27594,1.0000001
37122,20301,0.8373361
37625,14043,0.8774495
38008,23,0.84513056
38008,51,0.80936986
38008,3756,0.8104545
38008,4102,0.8785475
38008,12137,0.8758259
38008,13683,0.8406091
38008,13701,0.8422834
38008,13703,0.8359829
38008,15227,0.86530143
38008,20297,0.8715107
38008,21117,0.87369764
38008,22049,0.8530667
38008,22597,0.8772663
38008,23095,0.8629006
38008,23141,0.87228894
38008,32746,0.86837846
38008,46161,0.8796161
38172,11231,0.91664517
38189,26232,1.0
38449,26380,0.99999994
39386,22711,0.9951712
39386,41876,1.0
39431,15200,0.8057819
39672,10169,0.99999994
39672,20358,0.90323704
39672,27240,0.99999994
39672,29231,0.99999994
39672,32906,0.99999994
40027,2714,0.85024977
40027,24983,0.80387634
40132,4423,0.8132544
40132,27879,0.8630815
40132,32443,0.8732562
40132,34785,0.8533834
40269,20390,0.8870008
40269,25160,0.8062172
40269,32485,0.8870008
40269,34109,0.84869367
41553,13698,0.81480986
41553,17613,0.81480986
41553,26813,0.81480986
41708,572,0.8680595
41708,11136,0.8680595
41708,14081,0.9999999
41708,29222,0.8680595
41708,31778,0.8680595
41708,42276,0.8680595
41787,3303,1.0
41876,22711,0.9951712
41876,39386,1.0
41908,1876,1.0
42007,5604,1.0
42207,20779,0.9825923
42276,572,1.0
42276,11136,1.0
42276,14081,0.8680595
42276,29222,1.0
42276,31778,1.0
42276,41708,0.8680595
42418,11111,0.8182387
42418,15193,0.8825805
42418,23736,0.8369286
43092,1468,0.8022454
43092,5898,0.8022454
43205,21117,0.8007937
43296,13961,0.8892391
43296,24419,0.8474032
43296,24694,0.8150668
43296,25146,0.8868144
43296,27010,0.9009789
43296,31801,0.8381423
43571,7459,0.8114296
43571,21146,1.0
43571,27558,1.0
43595,6902,0.8946415
43595,24722,0.8946415
43595,27491,0.8946415
43595,32662,0.8946415
43595,32732,0.8946415
43831,15626,0.8649702
44014,10231,1.0
44055,368,1.0
44195,888,1.0
44195,15266,0.965878
44195,32506,0.8521768
44457,4017,0.84719723
44457,9050,0.9409657
44457,10449,0.99999994
44457,10497,0.99999994
44457,13692,0.99999994
44457,16985,0.9409657
44457,19889,0.9409657
44457,20388,0.99999994
44457,26623,0.99999994
44457,33672,0.99999994
44803,250,0.80509603
44803,4745,0.88685024
44803,7519,0.90095174
44803,18148,0.83500856
44803,18686,0.9120641
44803,22717,0.82274526
44803,27690,0.87200683
44803,29028,0.9256451
44803,32007,0.91370445
44966,1104,0.8350196
44966,8135,0.93953234
44966,14593,0.9018288
44966,16295,0.843439
44966,20015,0.8558136
44966,20093,0.830109
44966,21302,0.88367945
44966,24382,0.8626946
44966,24572,0.94321156
44966,27354,0.8901396
44966,30999,0.96590906
44966,34016,0.8921447
45774,11002,0.85190386
45875,27879,0.80833393
45875,32443,0.81506264
45976,22559,0.9240924
46058,12641,1.0
46161,23,0.9484438
46161,40,0.86187565
46161,51,0.8957749
46161,2408,0.8070015
46161,3756,0.892058
46161,4102,0.9895642
46161,12137,0.99005723
46161,12485,0.9071206
46161,13203,0.8143292
46161,13683,0.8597159
46161,13701,0.9460678
46161,13703,0.9391003
46161,14080,0.80330086
46161,15227,0.97276276
46161,20297,0.92789876
46161,21117,0.98427016
46161,22049,0.94686913
46161,22597,0.9881211
46161,23095,0.96996826
46161,23141,0.9810925
46161,32746,0.97928023
46161,38008,0.8796161
